{"cameraMode":{"drawMode":0,"name":"Shaded","section":"Shading Mode"},"sceneLighting":true,"audioPlay":false,"sceneViewState":{"m_AlwaysRefresh":false,"showFog":true,"showSkybox":true,"showFlares":true,"showImageEffects":true,"showParticleSystems":true,"showVisualEffectGraphs":true,"m_FxEnabled":true},"in2DMode":false,"pivot":{"x":-0.24813376367092133,"y":100.96011352539063,"z":0.07529640942811966},"rotation":{"x":-0.26103612780570986,"y":-0.6437311172485352,"z":0.24893143773078919,"w":-0.6749876141548157},"size":1.6923720836639405,"orthographic":false}